{"ETHUSDT":3654.80000000,"BNBUSDT":597.60000000,"ADAUSDT":0.70150000,"USDCUSDT":1.00020000,"LINKUSDT":18.84800000,"MATICUSDT":1.10780000,"FTMUSDT":0.88640000,"DOGEUSDT":0.15288000,"USDTDAI":0.99900000,"SANDUSDT":0.66040000,"SHIBUSDT":0.00002719}